id,speed
0,47.94795
1,47.684166
2,40.870834
3,31.471788
4,42.935677
5,28.115551
6,20.433353
7,49.092854
8,47.7608
9,32.230286
10,30.099455
11,24.390528
12,24.785316
13,24.348381
14,27.211956
15,41.59983
16,43.851593
17,49.062935
18,48.734642
19,48.408367
20,47.076912
21,44.852436
22,21.138988
23,27.931084
24,25.482119
25,20.414888
26,23.282206
27,21.75424
28,17.362513
29,13.410219
30,25.534822
31,46.99461
32,48.984123
33,28.209965
34,26.406153
35,25.885284
36,20.271217
37,20.21494
38,46.765926
39,40.47384
40,45.7051
41,48.509422
42,49.094173
43,45.271904
44,18.424889
45,17.280107
46,17.87266
47,10.163336
48,44.420013
49,47.56557
50,49.015427
51,24.352518
52,24.361362
53,22.502666
54,18.053366
55,17.669197
56,18.399267
57,16.31569
58,30.331057
59,33.23997
60,43.175037
61,40.47716
62,43.004498
63,43.25455
64,46.059002
65,48.906937
66,48.00152
67,46.045856
68,42.488926
69,25.366913
70,22.951836
71,22.459015
72,16.32795
73,16.847948
74,13.869522
75,6.3017287
76,42.44172
77,36.0865
78,39.452053
79,47.556446
80,13.578581
81,15.644665
82,20.86713
83,16.133942
84,15.80151
85,10.832083
86,23.199646
87,39.231922
88,45.432922
89,38.744034
90,48.144585
91,47.227417
92,45.180187
93,44.72337
94,25.949656
95,13.949464
96,21.267103
97,10.933252
98,9.20231
99,17.630919
100,41.086468
101,47.978664
102,15.331721
103,18.193584
104,15.17961
105,42.793705
106,31.271418
107,48.945873
108,42.36157
109,12.98636
110,7.318128
111,9.015539
112,21.145096
113,31.482487
114,35.165653
115,48.71858
116,48.84815
117,41.86463
118,28.695074
119,25.941284
120,20.1921
121,16.50424
122,32.188286
123,47.50541
124,47.267933
125,41.966354
126,42.89838
127,34.584583
128,42.32819
129,34.64595
130,48.169086
131,46.989895
132,46.05446
133,26.448277
134,22.89251
135,23.245462
136,40.32514
137,46.568993
138,49.280895
139,47.897022
140,46.509666
141,45.21143
142,27.538008
143,15.259616
144,20.870403
145,17.02421
146,17.980232
147,49.363243
148,49.72248
149,48.31069
150,47.582825
151,14.898141
152,15.303237
153,15.334247
154,6.5656714
155,19.579947
156,36.09374
157,42.152042
158,36.220345
159,42.634293
160,48.478317
161,48.9264
162,48.195843
163,47.535805
164,45.362755
165,28.303482
166,15.294812
167,20.743708
168,18.428394
169,18.066841
170,12.775722
171,12.719215
172,46.263077
173,48.242016
174,44.4223
175,27.228924
176,23.2161
177,15.13726
178,18.006989
179,11.05651
180,48.340305
181,48.285492
182,49.106327
183,48.94662
184,39.790806
185,19.717232
186,19.800137
187,38.834217
188,33.289383
189,48.079422
190,43.526596
191,43.527206
192,37.921463
193,37.86162
194,37.00943
195,37.694656
196,37.681454
197,43.85746
198,38.430546
199,47.810173
200,46.580505
201,27.010427
202,24.54851
203,18.604687
204,16.724289
205,18.646343
206,40.10371
207,42.25052
208,49.090614
209,49.3604
210,47.76702
211,46.632732
212,26.647076
213,13.639872
214,21.5093
215,20.953987
216,16.267899
217,22.614313
218,44.577766
219,47.940216
220,47.05273
221,45.465523
222,29.634047
223,17.975218
224,11.619666
225,23.080645
226,47.53544
227,48.34367
228,17.798943
229,25.309013
230,18.683435
231,19.433634
232,45.772602
233,48.265892
234,46.6255
235,19.744175
236,23.99371
237,20.093319
238,22.874107
239,44.825256
240,35.297604
241,39.484386
242,47.98361
243,50.017345
244,47.85973
245,48.639713
246,26.454391
247,24.48078
248,22.588142
249,19.994219
250,20.337254
251,31.254045
252,41.699104
253,32.35372
254,34.84769
255,46.489044
256,46.514072
257,45.015423
258,43.193214
259,42.814106
260,41.847073
261,39.74907
262,40.046646
263,41.50781
264,32.249393
265,42.462658
266,48.33888
267,43.250134
268,17.375631
269,20.58572
270,20.590067
271,18.881863
272,16.96513
273,16.226032
274,47.685024
275,48.332718
276,48.735794
277,47.760735
278,26.230165
279,15.719142
280,18.305763
281,21.583624
282,19.047585
283,15.241651
284,13.60526
285,13.672871
286,48.696728
287,47.617504
288,10.318895
289,13.811118
290,15.722401
291,10.228537
292,8.866016
293,23.67915
294,46.668526
295,49.265755
296,48.132557
297,33.709282
298,21.778158
299,32.76728
300,24.358213
301,20.792616
302,22.876524
303,43.35749
304,43.475437
305,51.181145
306,49.83984
307,50.170486
308,45.468613
309,29.989954
310,19.506655
311,6.8411646
312,41.716793
313,31.147738
314,36.55822
315,49.40942
316,47.4378
317,39.491135
318,31.572311
319,34.00494
320,44.68519
321,46.890446
322,47.029285
323,46.472492
324,44.2864
325,42.602734
326,45.098106
327,40.341515
328,41.926907
329,37.49222
330,34.75249
331,42.52124
332,44.488335
333,34.663292
334,31.170794
335,39.524586
336,46.796852
337,46.960045
338,14.924822
339,21.710688
340,22.021137
341,20.930353
342,42.836548
343,40.463734
344,49.036907
345,48.321404
346,48.539433
347,16.496996
348,36.741207
349,50.294735
350,49.140205
351,48.257225
352,31.7554
353,16.79731
354,22.78778
355,19.549227
356,15.660962
357,19.371046
358,35.683853
359,44.63701
360,42.80257
361,50.491234
362,18.302214
363,23.65246
364,18.592793
365,16.701479
366,11.697754
367,22.158714
368,42.0021
369,49.88681
370,48.146126
371,47.463787
372,46.96464
373,15.998461
374,19.016232
375,10.24361
376,19.845448
377,36.007137
378,38.66719
379,48.65703
380,29.884089
381,17.76315
382,17.666887
383,30.5501
384,48.645374
385,47.61092
386,47.632793
387,43.970848
388,41.577797
389,38.049606
390,35.170757
391,31.766596
392,47.939213
393,49.34306
394,47.40145
395,17.027664
396,19.046349
397,25.07205
398,21.404085
399,16.123085
400,10.160993
401,36.233925
402,38.190132
403,49.3562
404,47.544273
405,45.560356
406,29.82165
407,18.553898
408,20.38648
409,18.76418
410,17.791473
411,10.269039
412,42.021008
413,37.71494
414,38.534
415,49.077877
416,48.11571
417,47.719223
418,47.21347
419,31.700293
420,17.554626
421,9.699953
422,43.654594
423,40.011963
424,50.122013
425,49.174496
426,52.37893
427,39.42603
428,32.61798
429,41.437176
430,40.80999
431,47.653572
432,47.63337
433,45.61455
434,28.687586
435,32.590828
436,25.899704
437,24.552414
438,47.472256
439,48.318813
440,49.00595
441,41.673286
442,37.111725
443,36.327946
444,30.412828
445,38.32965
446,33.187878
447,34.75655
448,46.34222
449,45.15969
450,45.143784
451,47.157585
452,43.68702
453,43.062057
454,45.355846
455,42.96279
456,41.68765
457,43.722927
458,48.76628
459,49.169357
460,35.711338
461,26.975655
462,30.547787
463,28.234373
464,32.64729
465,38.955185
466,47.717854
467,48.63195
468,46.9895
469,46.810596
470,25.336464
471,32.261833
472,28.691832
473,26.705894
474,18.912167
475,25.814714
476,48.46124
477,46.92751
478,37.3541
479,30.148155
480,28.557543
481,23.345663
482,24.245619
483,48.184673
484,47.468967
485,47.24979
486,31.82056
487,36.50747
488,32.246017
489,18.440859
490,16.498936
491,35.47749
492,43.498165
493,47.72474
494,48.276405
495,47.13128
496,25.943813
497,33.919342
498,41.66586
499,49.03081
500,49.267498
501,49.78329
502,49.359425
503,49.1103
504,36.44882
505,36.445904
506,31.624344
507,30.064444
508,27.486267
509,45.739017
510,46.49076
511,46.5227
512,45.853497
513,45.118015
514,45.96091
515,42.443764
516,42.130608
517,43.568325
518,47.421604
519,46.790783
520,19.762108
521,24.79887
522,23.2497
523,21.369627
524,16.804632
525,47.81307
526,48.179726
527,48.281544
528,46.805042
529,31.220686
530,21.197021
531,26.21624
532,22.24186
533,17.311235
534,14.647361
535,46.78757
536,27.612894
537,18.08491
538,18.167263
539,19.54616
540,14.328992
541,13.261449
542,44.43291
543,45.15892
544,48.534046
545,45.2686
546,15.324286
547,21.234991
548,21.80226
549,20.922565
550,18.62058
551,40.31991
552,41.11151
553,48.462715
554,48.171585
555,44.42965
556,27.192623
557,18.90746
558,22.715275
559,22.734367
560,18.4698
561,19.862473
562,20.00064
563,15.640395
564,11.383673
565,8.57878
566,46.09981
567,39.16006
568,41.450676
569,49.57028
570,49.190582
571,33.59133
572,41.40415
573,46.564518
574,46.56333
575,47.47628
576,47.060524
577,44.50881
578,41.5047
579,42.933483
580,44.17692
581,37.80681
582,48.289562
583,48.465454
584,15.341319
585,17.453066
586,24.876793
587,21.759727
588,19.668587
589,17.985155
590,19.068134
591,18.200357
592,47.220432
593,48.221687
594,48.787163
595,46.629177
596,44.028084
597,26.382498
598,27.656574
599,21.517927
600,14.702363
601,47.863113
602,47.71607
603,44.650013
604,14.810016
605,18.253862
606,37.807888
607,42.860535
608,48.196285
609,48.891644
610,47.77725
611,46.665882
612,41.503635
613,12.706062
614,18.92042
615,13.686364
616,13.892592
617,15.6857
618,10.894671
619,19.663567
620,41.724503
621,51.05602
622,50.677044
623,49.67659
624,45.80238
625,28.759861
626,20.40712
627,16.00219
628,18.79491
629,13.6177435
630,25.336876
631,49.963528
632,48.769024
633,48.08592
634,42.688766
635,28.014091
636,23.876451
637,47.983135
638,48.982456
639,48.392593
640,41.851192
641,42.931175
642,39.432903
643,40.46771
644,39.733463
645,39.35342
646,39.527737
647,48.153248
648,47.962673
649,47.364067
650,45.666504
651,17.267216
652,19.168663
653,10.7233305
654,21.742798
655,47.066265
656,47.46377
657,46.80513
658,45.91146
659,45.46389
660,43.71793
661,14.812862
662,22.493635
663,17.80964
664,17.805933
665,16.991232
666,16.247086
667,9.672222
668,40.33058
669,36.23609
670,41.42997
671,47.71794
672,44.190334
673,22.087831
674,17.222383
675,35.614822
676,48.096592
677,47.96584
678,47.140434
679,14.338478
680,22.490948
681,18.592117
682,19.351784
683,17.732258
684,43.2743
685,48.91511
686,47.294285
687,47.1758
688,44.9537
689,26.500586
690,14.565872
691,21.223751
692,17.732985
693,15.780422
694,49.042656
695,48.546577
696,37.97598
697,27.12573
698,24.79354
699,19.403412
700,16.712297
701,19.338343
702,38.047424
703,45.713768
704,47.486134
705,47.620388
706,47.395153
707,46.26003
708,42.919613
709,43.566868
710,43.374237
711,42.920216
712,42.546505
713,42.74284
714,38.472282
715,46.02441
716,39.239506
717,45.95862
718,47.84827
719,27.02368
720,13.319957
721,9.733569
722,7.342544
723,43.03716
724,42.712074
725,47.256065
726,46.474243
727,29.300116
728,15.65061
729,15.722245
730,9.935623
731,42.835583
732,47.458256
733,48.60721
734,41.2382
735,9.431842
736,11.4903965
737,10.931921
738,12.532095
739,5.2758727
740,32.507076
741,40.164536
742,47.800625
743,48.493587
744,48.097668
745,28.676271
746,17.372862
747,23.911896
748,23.166956
749,19.036858
750,18.056957
751,14.04399
752,39.478027
753,48.43457
754,48.16768
755,47.26632
756,46.95821
757,13.817571
758,17.020103
759,15.5960655
760,15.378731
761,10.935461
762,23.56501
763,45.055496
764,36.279076
765,39.221973
766,49.157227
767,48.270355
768,41.71756
769,20.67169
770,19.682714
771,20.165613
772,33.296207
773,45.747566
774,46.385178
775,46.043232
776,45.732803
777,44.95916
778,41.830738
779,36.80664
780,48.06561
781,47.86457
782,47.892593
783,14.316698
784,16.49031
785,16.936455
786,15.595822
787,16.505346
788,8.18314
789,25.331955
790,47.938423
791,47.87437
792,46.60611
793,47.768044
794,19.009571
795,18.817287
796,14.584217
797,8.968245
798,23.976309
799,47.35666
800,27.456867
801,12.195135
802,13.064349
803,12.7038965
804,13.4463625
805,9.844528
806,35.33027
807,42.297478
808,47.913692
809,47.40042
810,47.385834
811,46.948048
812,27.478817
813,12.273884
814,19.595367
815,19.698803
816,16.760902
817,42.530594
818,33.762108
819,49.820263
820,48.057343
821,31.87369
822,37.42565
823,28.530066
824,28.35794
825,28.343594
826,49.413803
827,48.988132
828,37.68679
829,36.382233
830,37.982395
831,36.005123
832,44.540638
833,36.037003
834,48.140133
835,47.722775
836,46.105347
837,43.829815
838,36.67321
839,36.670017
840,48.28782
841,48.67153
842,47.941082
843,38.71702
844,27.963078
845,22.808878
846,32.612488
847,39.41996
848,48.879868
849,49.023552
850,48.47364
851,18.458897
852,29.440424
853,26.745913
854,23.493563
855,24.892168
856,22.999037
857,43.647594
858,48.546173
859,48.214985
860,47.356247
861,46.962116
862,16.683153
863,22.940275
864,22.639029
865,20.202272
866,25.551481
867,45.284546
868,42.422478
869,49.42487
870,47.45011
871,32.967667
872,29.377275
873,24.279072
874,45.555157
875,46.07161
876,48.621372
877,48.361427
878,47.817158
879,19.796862
880,12.968895
881,12.446811
882,23.881657
883,47.52217
884,39.13952
885,48.25391
886,48.983795
887,48.36291
888,48.48574
889,48.78795
890,44.509747
891,26.832808
892,26.414694
893,25.313797
894,38.146576
895,47.6062
896,45.59095
897,45.65967
898,46.474712
899,41.331364
900,44.525112
901,47.8083
902,46.625717
903,28.246798
904,14.2501335
905,17.753208
906,22.855482
907,19.94374
908,17.19497
909,11.541074
910,36.809856
911,43.977222
912,47.650253
913,47.42878
914,46.839176
915,22.104902
916,22.925022
917,17.167881
918,19.073807
919,13.987005
920,47.596577
921,48.57396
922,47.520912
923,12.970013
924,21.841152
925,21.108168
926,14.639917
927,15.475568
928,11.195403
929,9.101201
930,21.752869
931,37.111786
932,44.730476
933,47.85456
934,13.471264
935,16.246307
936,16.070831
937,14.595984
938,11.272662
939,21.80711
940,42.42396
941,48.467663
942,48.91199
943,47.577705
944,47.191654
945,29.636843
946,15.191108
947,24.922358
948,23.768387
949,16.754843
950,40.7022
951,45.35901
952,48.957546
953,47.24047
954,40.68087
955,22.280565
956,22.7581
957,16.104797
958,39.854774
959,34.370174
960,46.103996
961,47.576126
962,48.12335
963,46.666874
964,46.975918
965,43.9001
966,44.344334
967,43.465897
968,43.391716
969,43.920166
970,39.019577
971,38.843563
972,47.31365
973,14.516254
974,17.751316
975,23.80171
976,17.001253
977,16.30691
978,16.128857
979,15.133792
980,13.030841
981,23.86434
982,45.81993
983,48.603214
984,49.187042
985,47.223877
986,25.014357
987,17.51305
988,14.287797
989,9.7823105
990,34.807014
991,45.2154
992,49.090057
993,47.254974
994,47.01168
995,46.692307
996,28.183514
997,13.615094
998,16.913347
999,21.706491
1000,17.145777
1001,16.558775
1002,17.383268
1003,11.68768
1004,20.867224
1005,43.914177
1006,48.195126
1007,46.98939
1008,45.600872
1009,29.407457
1010,18.119411
1011,20.544209
1012,14.763766
1013,13.200122
1014,44.090454
1015,48.491657
1016,47.615677
1017,27.726297
1018,19.678677
1019,24.514778
1020,16.166039
1021,16.702105
1022,10.265071
1023,37.5539
1024,45.095215
1025,36.8962
1026,47.379547
1027,28.618523
1028,21.770662
1029,19.36351
1030,22.590103
1031,21.927473
1032,20.734964
1033,40.61237
1034,39.606
1035,44.716053
1036,47.395763
1037,47.741283
1038,43.049187
1039,40.216866
1040,41.09594
1041,40.073578
1042,37.72234
1043,36.756847
1044,42.872887
1045,36.404514
1046,37.788704
1047,48.094902
1048,47.1966
1049,47.461384
1050,28.859653
1051,22.393118
1052,18.474737
1053,8.70707
1054,45.421986
1055,48.477856
1056,48.161053
1057,46.967377
1058,45.351032
1059,13.769907
1060,22.80452
1061,17.9986
1062,10.574407
1063,38.777637
1064,44.898945
1065,40.37
1066,49.4729
1067,47.530357
1068,48.362644
1069,47.428844
1070,46.96539
1071,44.633266
1072,14.42539
1073,16.852726
1074,14.057489
1075,17.837015
1076,36.203033
1077,48.529125
1078,44.73207
1079,13.459351
1080,17.107815
1081,16.688326
1082,15.918222
1083,12.4967575
1084,44.794254
1085,39.43001
1086,44.135365
1087,46.92699
1088,17.460812
1089,10.12224
1090,35.28995
1091,39.28373
1092,48.68004
1093,47.978897
1094,46.160553
1095,37.849243
1096,24.903166
1097,21.37725
1098,16.107826
1099,16.73261
1100,16.318878
1101,30.733074
1102,40.07883
1103,38.317886
1104,33.7404
1105,33.62822
1106,48.2119
1107,48.016792
1108,44.012714
1109,41.572765
1110,43.339485
1111,40.497646
1112,36.958202
1113,44.58966
1114,44.496983
1115,48.36714
1116,47.893005
1117,47.806248
1118,25.143782
1119,24.980425
1120,37.53932
1121,40.970215
1122,45.435516
1123,49.553192
1124,45.86034
1125,28.149445
1126,28.878283
1127,29.076612
1128,34.852737
1129,41.326374
1130,45.064297
1131,48.433613
1132,46.877705
1133,45.408924
1134,32.23912
1135,17.57669
1136,22.100775
1137,20.122984
1138,19.942219
1139,15.79437
1140,46.950165
1141,42.41022
1142,47.63259
1143,49.082222
1144,47.926952
1145,29.14169
1146,19.966534
1147,19.04996
1148,44.821907
1149,42.729527
1150,13.852066
1151,23.703161
1152,24.056776
1153,20.206812
1154,19.768095
1155,14.179159
1156,11.909057
1157,20.78984
1158,38.388397
1159,35.301697
1160,47.846024
1161,47.378967
1162,48.0927
1163,47.63998
1164,27.449175
1165,22.553247
1166,23.751732
1167,22.8221
1168,45.06962
1169,47.06743
1170,45.98749
1171,42.721764
1172,36.939114
1173,36.655792
1174,43.757698
1175,47.270035
1176,46.85376
1177,29.3881
1178,14.511099
1179,16.99905
1180,20.028656
1181,20.255423
1182,12.853152
1183,46.17114
1184,46.107143
1185,46.46344
1186,45.55944
1187,45.184917
1188,26.434317
1189,18.96851
1190,15.956921
1191,16.856375
1192,38.303314
1193,46.363544
1194,47.70832
1195,47.320995
1196,46.60565
1197,43.63911
1198,23.037577
1199,43.040558
1200,48.285892
1201,47.151714
1202,41.437325
1203,13.320242
1204,19.242086
1205,15.512625
1206,16.131592
1207,9.814023
1208,17.991945
1209,33.642338
1210,46.990707
1211,45.864994
1212,23.080925
1213,20.90362
1214,20.360785
1215,18.252321
1216,47.102913
1217,48.107067
1218,47.60554
1219,41.365757
1220,24.743002
1221,21.134098
1222,18.94005
1223,20.169785
1224,21.393227
1225,20.634533
1226,18.42739
1227,38.618675
1228,35.949608
1229,37.1116
1230,47.66291
1231,47.462116
1232,39.96906
1233,40.104366
1234,37.13281
1235,48.10882
1236,15.549768
1237,23.226316
1238,18.515463
1239,14.910048
1240,23.112717
1241,46.583656
1242,41.5226
1243,44.627544
1244,49.207172
1245,47.413727
1246,16.549055
1247,22.671484
1248,22.761993
1249,13.083049
1250,45.35237
1251,49.08932
1252,47.700798
1253,47.443424
1254,23.944653
1255,17.061974
1256,17.379606
1257,40.43787
1258,48.21096
1259,47.213097
1260,46.756664
1261,45.004753
1262,28.34087
1263,22.317295
1264,18.365103
1265,17.920517
1266,16.512589
1267,15.940097
1268,21.028267
1269,48.80279
1270,48.141994
1271,48.860374
1272,45.237514
1273,13.248578
1274,15.338239
1275,18.28963
1276,17.96571
1277,12.787828
1278,23.419825
1279,37.25949
1280,44.367287
1281,37.74147
1282,44.19672
1283,48.232357
1284,48.046772
1285,24.381897
1286,27.169205
1287,21.131073
1288,21.193548
1289,19.181528
1290,37.193935
1291,48.457638
1292,48.138332
1293,43.854713
1294,43.679058
1295,40.947422
1296,42.375275
1297,38.3604
1298,45.90165
1299,47.683174
1300,46.783165
1301,44.814034
1302,22.43737
1303,13.072451
1304,23.533895
1305,47.964363
1306,48.402664
1307,47.980274
1308,47.568596
1309,37.357056
1310,28.710766
1311,31.629557
1312,26.299599
1313,27.764053
1314,18.472036
1315,33.548573
1316,40.02338
1317,39.351753
1318,44.335754
1319,47.196693
1320,47.390068
1321,44.396084
1322,14.60943
1323,17.056528
1324,20.69218
1325,23.49125
1326,47.963932
1327,23.08248
1328,19.849127
1329,17.68491
1330,19.198282
1331,12.114046
1332,23.00904
1333,38.19406
1334,39.97649
1335,48.29053
1336,47.21725
1337,45.912205
1338,16.880556
1339,20.101395
1340,19.75327
1341,18.694233
1342,49.556297
1343,49.013927
1344,41.719418
1345,27.849205
1346,26.577038
1347,19.403135
1348,19.263605
1349,42.44885
1350,41.370014
1351,41.303104
1352,40.655327
1353,39.05406
1354,42.500473
1355,37.953804
1356,43.89407
1357,37.747303
1358,47.220165
1359,30.074389
1360,25.462858
1361,22.263172
1362,18.911552
1363,16.31787
1364,18.034115
1365,15.065072
1366,13.929785
1367,40.94449
1368,48.044064
1369,27.750288
1370,25.677797
1371,17.15297
1372,9.746569
1373,34.68154
1374,47.903187
1375,47.88509
1376,48.289
1377,25.890757
1378,18.387913
1379,42.030704
1380,43.95307
1381,47.022835
1382,17.99351
1383,10.307715
1384,38.656185
1385,44.738194
1386,44.303528
1387,47.843853
1388,48.528244
1389,45.229813
1390,12.564371
1391,14.902532
1392,20.589664
1393,15.816798
1394,16.31651
1395,12.664295
1396,40.927605
1397,49.092216
1398,48.320946
1399,48.368153
1400,26.180431
1401,25.82943
1402,46.351143
1403,46.12077
1404,45.073433
1405,45.11808
1406,43.601948
1407,43.57397
1408,45.662827
1409,44.886105
1410,47.668736
1411,47.732956
1412,46.499924
1413,46.777016
1414,12.256229
1415,24.98768
1416,39.93365
1417,46.631702
1418,45.995693
1419,45.507145
1420,13.908171
1421,16.91581
1422,16.383324
1423,16.661095
1424,15.976068
1425,11.675488
1426,12.2681465
1427,23.21724
1428,40.648014
1429,46.37782
1430,46.75628
1431,45.789345
1432,45.467644
1433,42.8832
1434,18.503155
1435,16.537542
1436,17.652863
1437,16.485893
1438,11.371481
1439,20.439869
1440,36.729813
1441,44.15297
1442,46.728752
1443,46.116386
1444,42.48671
1445,25.743204
1446,19.574308
1447,42.462208
1448,44.720116
1449,41.703346
1450,23.919222
1451,13.67054
1452,15.217289
1453,17.40186
1454,9.515447
1455,35.705
1456,36.322945
1457,48.13863
1458,47.581738
1459,46.97747
1460,20.383196
1461,14.3076
1462,20.596897
1463,38.175377
1464,46.03468
1465,47.992504
1466,47.199024
1467,44.395016
1468,41.325607
1469,41.2699
1470,41.290264
1471,41.85689
1472,46.944134
1473,46.137657
1474,11.960942
1475,14.609464
1476,17.706606
1477,11.031802
1478,38.762894
1479,39.281826
1480,47.217144
1481,46.472366
1482,46.485504
1483,28.431452
1484,22.624054
1485,23.211208
1486,18.545967
1487,15.817837
1488,10.132371
1489,9.22962
1490,20.207087
1491,35.37596
1492,45.617218
1493,44.801678
1494,43.9758
1495,41.306374
1496,19.390461
1497,18.069553
1498,16.693626
1499,9.136263
1500,17.945395
1501,35.548462
1502,45.199333
1503,47.763485
1504,47.027355
1505,45.793777
1506,15.361587
1507,19.783285
1508,22.067326
1509,19.15516
1510,16.998663
1511,12.773688
1512,11.938664
1513,37.252705
1514,44.234264
1515,38.025463
1516,45.235405
1517,20.768631
1518,9.115016
1519,35.079544
1520,35.759
1521,47.950153
1522,47.459705
1523,26.398232
1524,23.550505
1525,19.373077
1526,19.922575
1527,19.499168
1528,40.088524
1529,33.01774
1530,44.494434
1531,47.570404
1532,39.975857
1533,40.004017
1534,44.318558
1535,45.210354
1536,37.71835
1537,47.911034
1538,47.498516
1539,48.1594
1540,47.38512
1541,45.355762
1542,31.00489
1543,27.920488
1544,30.050522
1545,28.549551
1546,29.114649
1547,38.673054
1548,47.51895
1549,48.10583
1550,47.083736
1551,44.947155
1552,27.545109
1553,20.368038
1554,19.384434
1555,17.206152
1556,11.382849
1557,23.554552
1558,36.788784
1559,48.139847
1560,48.14018
1561,47.317482
1562,46.926857
1563,11.053863
1564,19.296726
1565,12.180805
1566,10.672001
1567,22.600592
1568,43.562233
1569,47.711163
1570,21.438166
1571,21.34958
1572,17.877834
1573,17.703249
1574,11.426194
1575,23.232466
1576,43.289585
1577,41.576897
1578,47.80106
1579,47.117714
1580,45.71556
1581,44.163445
1582,26.226173
1583,15.584693
1584,12.677001
1585,10.557929
1586,37.61819
1587,44.03509
1588,35.9415
1589,37.955475
1590,47.350113
1591,47.244785
1592,46.844852
1593,38.51193
1594,25.923782
1595,18.203287
1596,13.567061
1597,32.564934
1598,41.690434
1599,34.845684
1600,44.72658
1601,44.9038
1602,44.326942
1603,43.22154
1604,37.327454
1605,37.876774
1606,39.356384
1607,37.24852
1608,35.39439
1609,46.740467
1610,46.87916
1611,46.28634
1612,45.411884
1613,16.88933
1614,18.010996
1615,17.706223
1616,16.950033
1617,34.16055
1618,40.569046
1619,47.922375
1620,48.52133
1621,47.113724
1622,47.645996
1623,46.641026
1624,45.058674
1625,27.941696
1626,16.00757
1627,22.302969
1628,22.090113
1629,17.832064
1630,12.39714
1631,46.923767
1632,47.31101
1633,46.275154
1634,47.010517
1635,45.862232
1636,44.014076
1637,14.642449
1638,21.387436
1639,20.97116
1640,16.817955
1641,11.41742
1642,23.02954
1643,36.974304
1644,42.583652
1645,46.557327
1646,47.338654
1647,45.922466
1648,17.82094
1649,15.155481
1650,17.94484
1651,17.263092
1652,11.153672
1653,22.283228
1654,38.43151
1655,38.981777
1656,45.74799
1657,45.32869
1658,14.175875
1659,19.10558
1660,19.458178
1661,16.04525
1662,18.134314
1663,18.053328
1664,16.527231
1665,37.377277
1666,45.70698
1667,38.03082
1668,22.820936
1669,16.855612
1670,18.131317
1671,16.37025
1672,40.720192
1673,33.956326
1674,32.654198
1675,45.758266
1676,47.210705
1677,46.796143
1678,37.517437
1679,44.925316
1680,46.324844
1681,46.563774
1682,48.08654
1683,47.658684
1684,38.649216
1685,31.084084
1686,34.787575
1687,28.579615
1688,29.51946
1689,29.103481
1690,22.821589
1691,32.07968
1692,43.480625
1693,39.361145
1694,47.13663
1695,46.494602
1696,44.99212
1697,12.466608
1698,20.666122
1699,20.389393
1700,45.796093
1701,45.64255
1702,29.037487
1703,11.572267
1704,13.928145
1705,18.957714
1706,18.457996
1707,12.002639
1708,21.010595
1709,39.03163
1710,43.400127
1711,48.546574
1712,47.654667
1713,44.030964
1714,20.628153
1715,19.185766
1716,18.639805
1717,15.173717
1718,45.57811
1719,45.221725
1720,47.82537
1721,46.25208
1722,43.82883
1723,28.091742
1724,15.699077
1725,17.872103
1726,38.66546
1727,45.642864
1728,47.361183
1729,39.59002
1730,17.943512
1731,13.766344
1732,42.583763
1733,47.764263
1734,47.535393
1735,47.24034
1736,44.18977
1737,40.661068
1738,40.9549
1739,43.863068
1740,43.531223
1741,42.54017
1742,38.816704
1743,44.099796
1744,35.17307
1745,40.454857
1746,10.692315
1747,13.707222
1748,23.573036
1749,38.21613
1750,38.420822
1751,46.926334
1752,48.524273
1753,18.199324
1754,23.74139
1755,20.881935
1756,21.792013
1757,40.682243
1758,47.00821
1759,47.221558
1760,47.76414
1761,46.81114
1762,44.71601
1763,13.116996
1764,16.356777
1765,18.621168
1766,22.330952
1767,49.091557
1768,47.953033
1769,47.68098
1770,24.58609
1771,21.521334
1772,17.777163
1773,46.813553
1774,45.39735
1775,45.74454
1776,44.645805
1777,44.219078
1778,9.54531
1779,15.960019
1780,17.121775
1781,16.96711
1782,22.434565
1783,37.22929
1784,44.09349
1785,44.94021
1786,40.858234
1787,28.730919
1788,24.68656
1789,23.468016
1790,23.150616
1791,30.862087
1792,27.643682
1793,21.623993
1794,38.22609
1795,38.651726
1796,34.359055
1797,43.627163
1798,45.280197
1799,45.428032
1800,42.86303
1801,41.028854
1802,45.788593
1803,39.968212
1804,40.99852
1805,41.162918
1806,35.227512
1807,39.61223
1808,40.52435
1809,45.6579
1810,45.88314
1811,44.99901
1812,44.75217
1813,40.130608
1814,15.464756
1815,22.685688
1816,23.028564
1817,19.1087
1818,24.25263
1819,39.23536
1820,41.559284
1821,47.844845
1822,47.557648
1823,15.943738
1824,18.983183
1825,24.803772
1826,19.399042
1827,22.74324
1828,25.021732
1829,44.028652
1830,36.38616
1831,48.624733
1832,46.079372
1833,43.62339
1834,31.909637
1835,15.895563
1836,21.516075
1837,19.753027
1838,18.139301
1839,18.304268
1840,22.986275
1841,37.405277
1842,38.869175
1843,43.94116
1844,17.763165
1845,16.190382
1846,19.064064
1847,9.778671
1848,35.10166
1849,47.352543
1850,47.04944
1851,45.11641
1852,21.071518
1853,20.815626
1854,22.094366
1855,21.698093
1856,20.153854
1857,37.650658
1858,33.746563
1859,49.118538
1860,48.16893
1861,26.978346
1862,29.749653
1863,23.08746
1864,22.684904
1865,47.75008
1866,47.25558
1867,46.06686
1868,43.972054
1869,42.45845
1870,39.456997
1871,39.03255
1872,43.335976
1873,35.824066
1874,47.786263
1875,47.195778
1876,46.6279
1877,43.962746
1878,23.497498
1879,20.881386
1880,11.474841
1881,49.113895
1882,49.63709
1883,48.15651
1884,48.109283
1885,19.719309
1886,26.648983
1887,22.77531
1888,21.844799
1889,22.816572
1890,47.94943
1891,18.757164
1892,24.614834
1893,24.186989
1894,21.158144
1895,13.570322
1896,47.580326
1897,48.242176
1898,20.1949
1899,21.248625
1900,15.293622
1901,25.550316
1902,39.203922
1903,48.726936
1904,45.34786
1905,13.055776
1906,19.100424
1907,19.02278
1908,17.26436
1909,13.315511
1910,23.668343
1911,47.365574
1912,47.354004
1913,25.042337
1914,20.470724
1915,23.210722
1916,19.498837
1917,21.757263
1918,35.162403
1919,42.9881
1920,40.290688
1921,48.053562
1922,40.447506
1923,38.914604
1924,39.313103
1925,37.375042
1926,45.41052
1927,46.21016
1928,42.707348
1929,46.101322
1930,29.989302
1931,14.606908
1932,20.461346
1933,20.166641
1934,20.07804
1935,18.577782
1936,46.072212
1937,40.3721
1938,42.82506
1939,47.7021
1940,46.81792
1941,45.18262
1942,30.08796
1943,13.593335
1944,24.875618
1945,23.01533
1946,15.317942
1947,25.002062
1948,43.8722
1949,40.38934
1950,48.93604
1951,47.302883
1952,44.555218
1953,31.081793
1954,16.849113
1955,16.711527
1956,21.57926
1957,17.394253
1958,12.915077
1959,38.16968
1960,47.472145
1961,48.127785
1962,46.627087
1963,47.1869
1964,44.32167
1965,21.824211
1966,17.32655
1967,44.2185
1968,43.466137
1969,48.16876
1970,44.48599
1971,13.288916
1972,15.556565
1973,17.56552
1974,16.80923
1975,11.458935
1976,23.223652
1977,38.581264
1978,48.083813
1979,47.675076
1980,47.99282
1981,46.816956
1982,42.43452
1983,27.224564
1984,25.770897
1985,23.762167
1986,22.507801
1987,22.377058
1988,35.916847
1989,44.33281
1990,46.9884
1991,46.757545
1992,46.562557
1993,38.836105
1994,35.990387
1995,36.8587
1996,35.878647
1997,35.56252
1998,47.777905
1999,29.142776
2000,19.095901
2001,19.909506
2002,19.472576
2003,14.727765
2004,24.313627
2005,44.39965
2006,42.21495
2007,48.227814
2008,15.573295
2009,18.687979
2010,23.57011
2011,18.628275
2012,13.870172
2013,17.020397
2014,19.563986
2015,17.939552
2016,20.37772
2017,14.214165
2018,33.71041
2019,35.532875
2020,40.289005
2021,47.493687
2022,48.129063
2023,47.971497
2024,18.883833
2025,16.577093
2026,22.728922
2027,24.20829
2028,18.013527
2029,43.074665
2030,36.05547
2031,42.07264
2032,47.396744
2033,46.657322
2034,18.190796
2035,13.423132
2036,11.763427
2037,13.286364
2038,6.5668907
2039,46.96997
2040,45.702793
2041,45.606415
2042,27.045448
2043,28.77741
2044,22.336542
2045,22.351706
2046,43.61056
2047,41.519077
2048,38.020252
2049,39.86531
2050,39.796482
2051,43.465748
2052,38.675034
2053,46.97722
2054,47.305748
2055,45.105442
2056,19.565136
2057,23.571365
2058,24.322598
2059,21.622637
2060,23.924961
2061,17.41917
2062,14.251488
2063,46.08347
2064,46.622627
2065,45.03946
2066,17.337456
2067,23.746845
2068,19.314896
2069,22.150656
2070,12.172261
2071,38.44153
2072,38.77224
2073,42.88313
2074,47.142403
2075,30.374056
2076,13.155177
2077,17.98605
2078,18.229052
2079,19.993227
2080,21.564983
2081,37.54424
2082,47.36463
2083,46.27253
2084,44.73856
2085,12.567182
2086,19.79776
2087,16.946
2088,16.567068
2089,43.184223
2090,41.340034
2091,47.198555
2092,47.039707
2093,47.8293
2094,44.485603
2095,14.278268
2096,19.215187
2097,15.26665
2098,15.603081
2099,16.540825
2100,12.412551
2101,39.625957
2102,45.307873
2103,47.565502
2104,46.811108
2105,46.186928
2106,26.162432
2107,22.17198
2108,21.699474
2109,20.748804
2110,17.385283
2111,19.892712
2112,20.519932
2113,34.04393
2114,44.84831
2115,46.838585
2116,46.80332
2117,43.225864
2118,41.955032
2119,37.911083
2120,40.081306
2121,37.64749
2122,43.210842
2123,42.81714
2124,32.640255
2125,35.90992
2126,47.96282
2127,47.711174
2128,47.26957
2129,46.517487
2130,44.73152
2131,17.296246
2132,19.579174
2133,18.09627
2134,16.640543
2135,18.024275
2136,18.012537
2137,8.860157
2138,47.533836
2139,48.39015
2140,19.166384
2141,18.033401
2142,38.015354
2143,49.362183
2144,48.78819
2145,45.238884
2146,13.492749
2147,19.77566
2148,15.245694
2149,16.223303
2150,19.773787
2151,29.436752
2152,41.87016
2153,46.996765
2154,48.271877
2155,47.37142
2156,13.916173
2157,12.283816
2158,15.205656
2159,17.89945
2160,15.984951
2161,8.966091
2162,34.145775
2163,37.272293
2164,48.84546
2165,30.05126
2166,15.397223
2167,17.865875
2168,21.364521
2169,20.953394
2170,19.996555
2171,19.870241
2172,16.68892
2173,8.780536
2174,40.33426
2175,34.24417
2176,38.841614
2177,46.116596
2178,48.72249
2179,49.397907
2180,19.25158
2181,18.368198
2182,21.92264
2183,23.376228
2184,18.745419
2185,30.711262
2186,38.38946
2187,35.945374
2188,47.98308
2189,47.834866
2190,48.09705
2191,47.621662
2192,48.26884
2193,47.244007
2194,42.671364
2195,40.83676
2196,39.424206
2197,38.051346
2198,37.425922
2199,37.148212
2200,33.30462
2201,37.33673
2202,46.84107
2203,46.983162
2204,46.672783
2205,14.907728
2206,19.305613
2207,10.12389
2208,37.98369
2209,41.310825
2210,46.158535
2211,44.292522
2212,28.31362
2213,21.499125
2214,20.14865
2215,15.832844
2216,6.3142405
2217,18.153074
2218,42.119907
2219,47.0344
2220,47.449078
2221,46.522602
2222,46.09257
2223,44.238266
2224,11.979975
2225,14.425276
2226,16.779406
2227,16.4254
2228,10.392914
2229,8.038666
2230,19.874758
2231,43.76186
2232,48.129753
2233,48.711113
2234,47.766857
2235,46.510765
2236,42.60349
2237,15.966203
2238,22.56429
2239,28.10043
2240,18.75925
2241,22.017893
2242,36.581642
2243,47.344086
2244,48.508976
2245,47.57589
2246,48.02261
2247,47.023403
2248,44.65829
2249,28.371283
2250,11.438559
2251,22.602129
2252,20.162151
2253,15.334858
2254,14.035474
2255,11.924122
2256,5.8863525
2257,16.33672
2258,30.092215
2259,30.237709
2260,46.636642
2261,47.887295
2262,47.024097
2263,25.908104
2264,19.775906
2265,18.902084
2266,35.234188
2267,47.679703
2268,45.871212
2269,44.42139
2270,43.783024
2271,42.804306
2272,39.432396
2273,39.43801
2274,47.45138
2275,45.909187
2276,37.841885
2277,37.740803
2278,47.37181
2279,47.16108
2280,47.874943
2281,46.80614
2282,26.462322
2283,22.646013
2284,23.97374
2285,20.554602
2286,20.817238
2287,19.83854
2288,12.498631
2289,41.705734
2290,46.56943
2291,25.95661
2292,14.7887745
2293,17.974342
2294,20.151798
2295,18.770023
2296,19.178562
2297,43.559143
2298,40.925632
2299,48.75687
2300,47.145195
2301,19.566294
2302,17.194553
2303,13.855029
2304,14.9720545
2305,10.068478
2306,8.233103
2307,36.020195
2308,41.859913
2309,48.42501
2310,47.121025
2311,48.003044
2312,47.175743
2313,44.419216
2314,24.187588
2315,48.824936
2316,49.16874
2317,47.637596
2318,25.433167
2319,14.8445835
2320,17.93215
2321,17.609163
2322,15.788963
2323,8.759973
2324,18.19491
2325,36.08837
2326,47.36155
2327,47.325855
2328,47.217888
2329,46.964985
2330,46.12997
2331,40.65742
2332,26.75319
2333,23.155857
2334,16.533096
2335,18.514526
2336,16.901617
2337,39.70674
2338,35.84481
2339,37.50805
2340,47.288555
2341,40.187195
2342,39.01228
2343,39.933548
2344,40.039078
2345,42.546036
2346,47.123047
2347,47.53691
2348,14.912334
2349,24.96628
2350,22.357967
2351,17.16505
2352,24.479105
2353,41.29185
2354,47.472046
2355,48.117493
2356,47.05904
2357,43.717354
2358,14.206194
2359,19.645214
2360,17.477867
2361,17.658518
2362,18.269588
2363,10.765973
2364,9.032079
2365,37.0597
2366,47.248047
2367,47.894047
2368,47.058064
2369,44.248917
2370,24.610493
2371,16.006245
2372,34.214127
2373,44.30088
2374,47.335472
2375,46.70065
2376,11.4869
2377,19.164618
2378,18.501797
2379,14.736465
2380,6.7036047
2381,33.546616
2382,39.31336
2383,48.603287
2384,47.430725
2385,44.24363
2386,11.121643
2387,18.760801
2388,19.547106
2389,35.00305
2390,44.23351
2391,48.010838
2392,48.174557
2393,26.362627
2394,25.431778
2395,21.715437
2396,23.696022
2397,20.763205
2398,49.201885
2399,47.200718
2400,47.243675
2401,21.329065
2402,13.88402
2403,11.71489
2404,24.702812
2405,42.23511
2406,46.739677
2407,46.90561
2408,41.842136
2409,48.815105
2410,47.98522
2411,26.786282
2412,26.032074
2413,33.19501
2414,27.744205
2415,30.79694
2416,15.834482
2417,39.1512
2418,48.170937
2419,46.73285
2420,22.500519
2421,21.89767
2422,47.905167
2423,46.528107
2424,12.297467
2425,15.454111
2426,15.927062
2427,17.206396
2428,13.074044
2429,13.117545
2430,5.5636296
2431,4.244767
2432,37.09396
2433,47.61569
2434,46.67696
2435,23.495054
2436,15.71952
2437,21.175608
2438,21.70992
2439,17.06485
2440,15.90762
2441,40.54023
2442,48.09101
2443,47.824993
2444,46.308624
2445,44.14573
2446,13.726189
2447,18.43319
2448,17.474098
2449,12.60167
2450,12.112298
2451,16.070347
2452,48.984947
2453,39.625618
2454,25.602175
2455,27.28787
2456,13.909196
2457,36.38388
2458,28.303417
2459,47.322964
2460,46.15212
2461,38.28618
2462,39.14147
2463,39.79738
2464,36.725357
2465,35.2894
2466,42.26988
2467,40.178276
2468,41.50752
2469,47.110588
2470,48.0391
2471,47.221497
2472,46.863052
2473,25.854887
2474,14.665506
2475,17.208372
2476,23.556519
2477,22.98911
2478,19.09719
2479,13.11953
2480,11.054931
2481,45.422215
2482,42.831654
2483,45.622128
2484,46.78248
2485,46.762154
2486,46.3764
2487,30.807985
2488,35.65964
2489,35.447536
2490,28.683182
2491,30.763336
2492,31.202291
2493,21.363546
2494,42.072212
2495,40.196392
2496,48.05358
2497,46.948833
2498,47.650497
2499,46.371075
2500,44.069725
2501,19.792728
2502,15.044996
2503,16.672834
2504,9.999034
2505,23.410229
2506,42.25503
2507,49.349453
2508,48.981236
2509,48.139942
2510,46.26469
2511,14.200818
2512,23.009604
2513,20.503345
2514,20.81215
2515,20.677525
2516,16.526157
2517,35.40657
2518,34.238552
2519,17.055695
2520,22.228592
2521,18.613567
2522,18.898195
2523,11.800973
2524,10.979404
2525,22.391024
2526,37.333355
2527,44.212585
2528,45.311638
2529,48.79159
2530,48.86719
2531,22.302193
2532,20.710226
2533,16.418816
2534,22.714514
2535,34.54364
2536,40.731922
2537,43.657124
2538,44.422325
2539,42.076817
2540,39.17024
2541,38.40292
2542,40.470287
2543,44.755272
2544,44.954346
2545,47.95263
2546,48.429604
2547,47.152554
2548,38.64394
2549,32.132072
2550,30.215387
2551,27.195011
2552,21.377447
2553,31.58491
2554,43.874508
2555,45.357887
2556,48.035976
2557,48.729183
2558,47.551697
2559,48.133705
2560,45.450714
2561,27.693449
2562,15.941671
2563,20.622713
2564,25.488865
2565,20.059446
2566,16.452343
2567,39.653595
2568,47.69371
2569,44.26225
2570,14.864237
2571,23.324316
2572,19.909845
2573,15.861517
2574,12.438898
2575,47.663414
2576,25.524277
2577,12.967897
2578,9.341298
2579,44.57781
2580,42.857826
2581,47.83697
2582,47.790855
2583,47.569813
2584,47.244297
2585,45.639187
2586,15.628981
2587,22.223217
2588,20.87162
2589,21.87595
2590,18.452143
2591,37.6276
2592,31.023142
2593,41.97636
2594,46.840496
2595,46.308292
2596,21.128038
2597,23.12523
2598,23.44819
2599,21.467447
2600,20.349503
2601,16.598724
2602,17.857306
2603,39.83465
2604,47.9035
2605,47.152603
2606,46.04598
2607,41.0959
2608,37.49583
2609,39.93346
2610,40.593132
2611,39.910076
2612,38.694572
2613,43.458023
2614,36.443024
2615,44.908993
2616,47.617767
2617,44.803017
2618,27.60626
2619,16.18055
2620,19.48722
2621,26.567196
2622,24.061869
2623,22.475197
2624,22.660303
2625,19.991032
2626,40.787834
2627,48.138752
2628,48.56136
2629,47.369556
2630,27.568148
2631,24.202538
2632,20.005156
2633,20.451643
2634,19.179016
2635,39.419968
2636,44.99338
2637,40.648014
2638,45.50959
2639,46.433773
2640,47.490646
2641,46.440464
2642,23.956795
2643,14.132801
2644,15.262867
2645,13.047
2646,14.99358
2647,12.238816
2648,7.0061493
2649,44.816628
2650,47.40933
2651,48.006016
2652,48.569027
2653,47.74099
2654,25.928854
2655,18.2066
2656,18.572483
2657,15.5648155
2658,23.439377
2659,42.803097
2660,35.225945
2661,48.073803
2662,49.040268
2663,47.472095
2664,47.15941
2665,26.372734
2666,14.110042
2667,20.013596
2668,16.249199
2669,16.869242
2670,20.891972
2671,45.572186
2672,37.060936
2673,20.79565
2674,20.44814
2675,18.85594
2676,32.06852
2677,35.58294
2678,37.458878
2679,46.553562
2680,46.616947
2681,45.892826
2682,43.55895
2683,41.116245
2684,42.14164
2685,41.526047
2686,47.41218
2687,46.783802
2688,46.646748
2689,45.113686
2690,26.415833
2691,15.888501
2692,22.733152
2693,13.483641
2694,37.0531
2695,42.491764
2696,40.600655
2697,47.38092
2698,47.910374
2699,46.114338
2700,10.447757
2701,13.572791
2702,13.228402
2703,12.063645
2704,38.243355
2705,41.709736
2706,48.790802
2707,45.61803
2708,34.14097
2709,41.82622
2710,28.718254
2711,29.468836
2712,30.258352
2713,31.190123
2714,23.398865
2715,44.963367
2716,46.682884
2717,46.32351
2718,24.498802
2719,16.922297
2720,23.643412
2721,17.63109
2722,19.224318
2723,17.232481
2724,12.510905
2725,22.191435
2726,38.178658
2727,47.973335
2728,48.581158
2729,44.461964
2730,22.04077
2731,17.085188
2732,11.612756
2733,22.741213
2734,37.294193
2735,47.684963
2736,49.265633
2737,48.529892
2738,48.825233
2739,48.55702
2740,41.428593
2741,27.174446
2742,19.997969
2743,17.607801
2744,19.05576
2745,18.97061
2746,18.676521
2747,37.928074
2748,47.85963
2749,47.584545
2750,46.9796
2751,44.624348
2752,42.344906
2753,39.750122
2754,42.161343
2755,37.57045
2756,34.99181
2757,48.293293
2758,47.319607
2759,47.50977
2760,22.96994
2761,19.57488
2762,18.680555
2763,13.679792
2764,23.076672
2765,38.79359
2766,43.503723
2767,48.016636
2768,48.842976
2769,47.58387
2770,45.41805
2771,13.833854
2772,22.29146
2773,20.722265
2774,16.977703
2775,20.987755
2776,37.153233
2777,42.79845
2778,41.269337
2779,48.057236
2780,47.03402
2781,47.52877
2782,46.80628
2783,44.7026
2784,25.114758
2785,12.780402
2786,20.609985
2787,14.695307
2788,12.932123
2789,6.8257327
2790,17.828745
2791,34.037323
2792,41.55923
2793,36.97112
2794,40.95585
2795,49.265526
2796,47.11387
2797,14.850726
2798,20.600473
2799,21.208315
2800,19.176672
2801,19.23639
2802,19.560513
2803,16.731058
2804,22.33443
2805,35.37495
2806,47.77983
2807,49.065258
2808,48.065445
2809,25.820343
2810,16.111511
2811,18.350761
2812,17.838785
2813,16.666445
2814,20.320505
2815,44.350834
2816,38.7825
2817,47.978706
2818,21.77979
2819,22.192339
2820,22.50006
2821,20.798227
2822,32.83771
2823,40.53372
2824,37.704346
2825,43.12651
2826,46.63207
2827,46.76627
2828,46.55723
2829,41.56108
2830,34.333374
2831,35.982628
2832,36.82094
2833,38.104977
2834,35.002308
2835,33.18729
2836,35.51357
2837,46.689743
2838,46.544743
2839,13.895503
2840,19.428247
2841,21.027237
2842,19.187859
2843,22.592484
2844,21.534725
2845,12.890278
2846,39.378372
2847,44.487125
2848,47.914593
2849,48.04777
2850,48.669537
2851,47.780422
2852,47.94514
2853,46.137447
2854,16.007963
2855,18.848043
2856,44.249393
2857,35.57654
2858,41.005955
2859,49.2764
2860,25.653965
2861,14.56118
2862,15.760476
2863,21.543259
2864,19.059296
2865,8.387171
2866,18.340792
2867,35.784195
2868,43.66276
2869,35.428555
2870,23.394432
2871,21.49517
2872,22.59744
2873,18.87949
2874,14.248987
2875,35.98695
2876,47.717587
2877,48.755867
2878,47.855656
2879,48.425983
2880,25.174715
2881,17.338987
2882,20.55092
2883,20.44232
2884,17.772877
2885,16.700504
2886,10.387607
2887,46.163933
2888,40.571083
2889,46.626663
2890,47.865578
2891,45.433346
2892,39.17118
2893,26.473671
2894,25.606043
2895,18.398346
2896,16.106514
2897,18.848585
2898,28.895842
2899,37.961338
2900,35.20355
2901,47.553318
2902,47.307976
2903,40.166466
2904,38.769756
2905,41.635044
2906,41.625244
2907,41.10794
2908,42.647095
2909,38.34282
2910,38.15047
2911,47.34556
2912,47.072643
2913,25.109673
2914,14.802206
2915,26.884607
2916,24.583693
2917,24.037624
2918,39.337173
2919,44.79979
2920,47.34695
2921,47.88454
2922,47.088722
2923,19.433157
2924,19.145746
2925,21.202911
2926,17.377743
2927,12.739606
2928,10.639557
2929,38.310993
2930,48.169243
2931,47.48651
2932,13.900528
2933,15.952787
2934,20.54289
2935,21.216637
2936,16.829569
2937,8.548651
2938,45.091984
2939,42.396053
2940,47.05853
2941,47.152775
2942,46.684677
2943,16.355482
2944,22.153957
2945,22.431612
2946,11.816954
2947,23.113361
2948,43.971245
2949,36.889713
2950,41.35372
2951,48.252033
2952,45.814377
2953,26.7306
2954,16.081059
2955,20.707628
2956,18.938475
2957,16.74466
2958,17.387808
2959,22.117254
2960,44.810623
2961,38.25309
2962,47.797474
2963,49.442265
2964,39.90559
2965,26.21486
2966,22.856152
2967,24.178219
2968,25.421038
2969,22.51928
2970,20.108475
2971,33.33181
2972,45.74872
2973,48.13235
2974,47.57419
2975,42.950977
2976,38.204136
2977,37.029076
2978,45.364735
2979,26.625738
2980,23.731682
2981,19.234137
2982,21.924261
2983,16.708118
2984,11.911389
2985,46.579525
2986,48.137665
2987,47.90206
2988,47.823097
2989,45.379932
2990,13.917621
2991,16.530313
2992,20.169014
2993,22.024817
2994,19.624203
2995,12.475274
2996,22.066061
2997,44.39963
2998,43.12651
2999,48.904575
3000,47.80909
3001,47.275093
3002,23.091984
3003,18.854618
3004,15.644272
3005,8.454174
3006,38.218727
3007,42.10833
3008,47.014275
3009,44.716694
3010,19.186115
3011,19.855053
3012,22.42623
3013,37.699795
3014,43.43186
3015,35.623127
3016,48.595417
3017,24.030455
3018,21.471443
3019,17.38256
3020,17.196177
3021,11.248931
3022,21.850424
3023,32.147713
3024,43.630394
3025,37.81382
3026,15.357484
3027,14.226005
3028,18.93598
3029,19.544476
3030,20.465939
3031,36.452785
3032,44.618797
3033,47.14873
3034,46.942112
3035,47.489532
3036,43.178566
3037,40.983543
3038,40.26147
3039,39.547035
3040,39.957485
3041,39.911953
3042,35.713406
3043,44.423916
3044,41.41544
3045,42.889015
3046,46.60498
3047,47.560555
3048,44.647896
3049,14.085147
3050,19.753307
3051,18.227345
3052,19.947147
3053,17.419931
3054,15.70224
3055,12.518493
3056,46.953156
3057,47.78604
3058,48.491074
3059,47.63467
3060,48.399944
3061,16.546394
3062,22.409935
3063,17.77495
3064,14.873355
3065,17.213364
3066,15.271731
3067,10.983151
3068,46.154133
3069,39.46821
3070,48.73972
3071,48.086235
3072,47.341705
3073,46.89631
3074,25.111603
3075,23.436155
3076,23.125008
3077,18.555367
3078,18.781984
3079,17.19055
3080,7.956105
3081,33.58488
3082,41.795715
3083,40.061005
3084,48.598812
3085,47.639324
3086,47.34591
3087,24.416386
3088,16.23098
3089,21.589579
3090,21.751684
3091,14.210067
3092,15.038937
3093,13.28715
3094,36.88313
3095,35.55713
3096,49.379154
3097,47.24658
3098,25.448177
3099,21.034916
3100,21.048927
3101,17.054178
3102,18.081232
3103,18.19581
3104,9.634963
3105,37.786762
3106,38.455143
3107,46.525036
3108,48.255554
3109,47.68754
3110,21.834581
3111,20.39901
3112,18.306215
3113,19.786362
3114,32.85089
3115,36.68654
3116,47.220398
3117,46.27746
3118,43.718597
3119,40.474586
3120,39.896404
3121,39.70643
3122,39.231182
3123,40.123196
3124,38.93085
3125,35.066975
3126,36.6133
3127,36.180347
3128,43.14571
3129,47.942383
3130,48.163204
3131,46.796295
3132,45.867237
3133,24.374216
3134,15.562998
3135,17.461275
3136,23.884499
3137,24.008589
3138,17.537058
3139,11.968371
3140,48.573692
3141,23.858088
3142,17.164696
3143,14.112242
3144,9.745743
3145,7.462432
3146,46.75326
3147,47.393154
3148,45.833035
3149,43.164803
3150,12.603467
3151,10.357495
3152,35.10157
3153,43.905956
3154,48.183887
3155,47.067524
3156,14.803756
3157,21.27424
3158,17.477478
3159,20.419165
3160,14.442775
3161,47.631176
3162,45.784294
3163,25.648378
3164,13.76693
3165,20.469738
3166,16.466057
3167,18.959648
3168,18.10859
3169,10.904628
3170,22.573736
3171,38.429684
3172,48.846508
3173,49.17481
3174,49.2372
3175,25.283724
3176,21.488253
3177,19.28766
3178,19.195997
3179,17.485651
3180,18.332308
3181,19.910015
3182,18.55293
3183,40.77038
3184,34.798943
3185,35.811375
3186,45.7685
3187,47.284492
3188,47.307945
3189,47.087475
3190,46.240204
3191,42.665455
3192,37.9421
3193,40.667393
3194,39.491737
3195,39.143402
3196,44.47023
3197,47.52797
3198,48.34686
3199,47.90825
3200,48.598755
3201,45.421062
3202,25.57668
3203,15.517071
3204,19.317703
3205,14.397272
3206,10.3267565
3207,35.58162
3208,42.500748
3209,37.18449
3210,48.49297
3211,47.308582
3212,48.133884
3213,46.87991
3214,44.878513
3215,10.957742
3216,21.369394
3217,16.510895
3218,38.254105
3219,39.143723
3220,42.923912
3221,48.780907
3222,47.093727
3223,47.65933
3224,24.202843
3225,23.335415
3226,18.269028
3227,10.368106
3228,37.65088
3229,40.773567
3230,43.898743
3231,48.036366
3232,47.283424
3233,47.794296
3234,46.560432
3235,20.53799
3236,17.918417
3237,16.27747
3238,17.140564
3239,8.317151
3240,21.094955
3241,43.249508
3242,48.1846
3243,48.30886
3244,26.129835
3245,14.737491
3246,16.302444
3247,22.970234
3248,20.696846
3249,15.266371
3250,12.876995
3251,13.89701
3252,19.097073
3253,36.091625
3254,30.349571
3255,33.827785
3256,48.53829
3257,48.66247
3258,26.61441
3259,27.66403
3260,16.11413
3261,18.186298
3262,39.547993
3263,34.81338
3264,27.496723
3265,45.873352
3266,47.04323
3267,40.869377
3268,41.016514
3269,40.39469
3270,39.07583
3271,37.49887
3272,42.57411
3273,47.084316
3274,45.872456
3275,14.240936
3276,22.821798
3277,15.512034
3278,11.132716
3279,21.982273
3280,37.83364
3281,48.4522
3282,48.98854
3283,47.12806
3284,26.815834
3285,24.8177
3286,18.869047
3287,19.47842
3288,16.7557
3289,17.658947
3290,13.593982
3291,8.707019
3292,33.353058
3293,42.554813
3294,33.618515
3295,41.16361
3296,47.147816
3297,47.771854
3298,44.442577
3299,22.72649
3300,17.53682
3301,15.936043
3302,48.688213
3303,48.359272
3304,48.953136
3305,48.278336
3306,27.419348
3307,17.025602
3308,19.090633
3309,17.641037
3310,16.537638
3311,11.266591
3312,22.239157
3313,34.428764
3314,48.1943
3315,48.844006
3316,47.37046
3317,44.463528
3318,26.263145
3319,13.860193
3320,15.313543
3321,20.70757
3322,17.59675
3323,14.466735
3324,15.854009
3325,11.31867
3326,7.758792
3327,19.697237
3328,36.24289
3329,42.256878
3330,48.8326
3331,48.126793
3332,24.203457
3333,28.39694
3334,46.57132
3335,47.1852
3336,47.238285
3337,46.80125
3338,43.25361
3339,40.03499
3340,41.15879
3341,39.93085
3342,40.921974
3343,40.336056
3344,29.277018
3345,41.905037
3346,46.106236
3347,47.083725
3348,45.761703
3349,44.02926
3350,24.843914
3351,14.356278
3352,17.012766
3353,13.293653
3354,9.607707
3355,20.818596
3356,38.60734
3357,45.822933
3358,46.341312
3359,48.260185
3360,24.184769
3361,20.609568
3362,21.32356
3363,15.670419
3364,11.031043
3365,22.77041
3366,36.340137
3367,48.117126
3368,45.497414
3369,25.684206
3370,16.294304
3371,37.65903
3372,43.229416
3373,48.64992
3374,49.577656
3375,48.553703
3376,48.29434
3377,25.056793
3378,11.698788
3379,13.398888
3380,18.178057
3381,15.31179
3382,16.141865
3383,15.219112
3384,6.1228576
3385,17.892115
3386,29.268356
3387,46.9094
3388,25.845192
3389,22.743473
3390,10.243152
3391,17.319752
3392,28.056917
3393,46.745365
3394,49.120636
3395,48.30477
3396,48.027363
3397,24.896103
3398,25.17038
3399,17.745733
3400,15.756415
3401,19.744177
3402,22.372116
3403,21.549423
3404,30.59059
3405,43.020893
3406,47.560226
3407,46.7653
3408,46.364952
3409,40.23868
3410,46.86032
3411,43.40501
3412,41.681698
3413,41.400257
3414,33.127937
3415,47.19939
3416,47.669132
3417,23.478115
3418,28.622658
3419,21.507223
3420,18.549244
3421,14.921884
3422,16.825546
3423,42.774662
3424,49.04739
3425,49.642982
3426,48.66922
3427,46.206734
3428,28.801655
3429,33.281013
3430,32.884914
3431,25.817097
3432,24.944883
3433,20.221495
3434,18.471907
3435,31.115526
3436,41.993633
3437,48.725716
3438,50.43966
3439,48.469437
3440,47.93595
3441,32.97825
3442,25.521732
3443,25.646917
3444,18.7895
3445,16.60194
3446,32.479355
3447,42.298107
3448,48.47857
3449,47.43831
3450,48.136795
3451,47.568943
3452,45.592457
3453,31.92435
3454,23.719883
3455,20.701658
3456,20.69821
3457,18.00173
3458,13.073931
3459,46.635223
3460,49.268185
3461,48.64297
3462,47.998116
3463,47.594414
3464,22.797264
3465,21.195282
3466,20.921408
3467,20.509857
3468,13.455366
3469,36.305992
3470,47.720325
3471,51.63919
3472,34.019188
3473,27.266382
3474,24.021646
3475,25.681675
3476,34.651592
3477,42.88019
3478,35.326252
3479,43.419865
3480,44.25027
3481,45.773678
3482,45.272034
3483,45.693005
3484,46.88725
3485,49.224007
3486,45.214504
3487,47.083817
3488,44.32621
3489,37.580338
3490,32.128555
3491,47.483807
3492,46.835236
3493,47.995403
3494,46.783985
3495,47.599327
3496,28.871305
3497,21.470984
3498,18.776789
3499,12.968398
3500,24.788595
3501,48.6085
3502,42.671
3503,46.283016
